{
  "accuracy": 0.9997811576758945,
  "f1": 0.9997547817557626,
  "precision": 0.9995096837460162,
  "recall": 1.0,
  "roc_auc": 0.9999998061806471,
  "dangerous_errors": 2
}